GEO.id,GEO.id2,GEO.display-label,HD01_VD01,HD02_VD01,HD01_VD02,HD02_VD02,HD01_VD03,HD02_VD03
Id,Id2,Geography,Estimate; Total:,Margin of Error; Total:,Estimate; Total: - Owner occupied,Margin of Error; Total: - Owner occupied,Estimate; Total: - Renter occupied,Margin of Error; Total: - Renter occupied
1400000US37183050100,37183050100,"Census Tract 501, Wake County, North Carolina",1981,341,630,233,1351,365
1400000US37183050300,37183050300,"Census Tract 503, Wake County, North Carolina",2520,162,1217,235,1303,178
1400000US37183050400,37183050400,"Census Tract 504, Wake County, North Carolina",1379,127,791,116,588,135
1400000US37183050500,37183050500,"Census Tract 505, Wake County, North Carolina",3509,365,1589,195,1920,418
1400000US37183050600,37183050600,"Census Tract 506, Wake County, North Carolina",2243,322,845,286,1398,335
1400000US37183050700,37183050700,"Census Tract 507, Wake County, North Carolina",3205,392,938,273,2267,384
1400000US37183050800,37183050800,"Census Tract 508, Wake County, North Carolina",2431,613,178,111,2253,602
1400000US37183050900,37183050900,"Census Tract 509, Wake County, North Carolina",2242,297,446,137,1796,316
1400000US37183051000,37183051000,"Census Tract 510, Wake County, North Carolina",1962,244,525,118,1437,243
1400000US37183051101,37183051101,"Census Tract 511.01, Wake County, North Carolina",1597,283,25,27,1572,289
1400000US37183051102,37183051102,"Census Tract 511.02, Wake County, North Carolina",27,31,0,98,27,31
1400000US37183051200,37183051200,"Census Tract 512, Wake County, North Carolina",3493,314,1558,333,1935,287
1400000US37183051400,37183051400,"Census Tract 514, Wake County, North Carolina",4993,480,2559,416,2434,485
1400000US37183051501,37183051501,"Census Tract 515.01, Wake County, North Carolina",3254,202,2878,159,376,182
1400000US37183051502,37183051502,"Census Tract 515.02, Wake County, North Carolina",2616,303,1368,213,1248,329
1400000US37183051600,37183051600,"Census Tract 516, Wake County, North Carolina",4279,206,3429,232,850,182
1400000US37183051700,37183051700,"Census Tract 517, Wake County, North Carolina",3118,185,2907,220,211,123
1400000US37183051800,37183051800,"Census Tract 518, Wake County, North Carolina",4141,363,2488,380,1653,397
1400000US37183051900,37183051900,"Census Tract 519, Wake County, North Carolina",4683,479,2371,369,2312,456
1400000US37183052001,37183052001,"Census Tract 520.01, Wake County, North Carolina",3353,449,282,113,3071,467
1400000US37183052002,37183052002,"Census Tract 520.02, Wake County, North Carolina",4475,713,2933,749,1542,343
1400000US37183052101,37183052101,"Census Tract 521.01, Wake County, North Carolina",7558,740,4863,748,2695,726
1400000US37183052102,37183052102,"Census Tract 521.02, Wake County, North Carolina",6267,480,3801,636,2466,624
1400000US37183052301,37183052301,"Census Tract 523.01, Wake County, North Carolina",4755,461,1054,271,3701,483
1400000US37183052302,37183052302,"Census Tract 523.02, Wake County, North Carolina",5534,594,1899,333,3635,653
1400000US37183052401,37183052401,"Census Tract 524.01, Wake County, North Carolina",2635,469,408,132,2227,449
1400000US37183052404,37183052404,"Census Tract 524.04, Wake County, North Carolina",4381,441,2156,292,2225,482
1400000US37183052406,37183052406,"Census Tract 524.06, Wake County, North Carolina",5980,498,1257,341,4723,596
1400000US37183052407,37183052407,"Census Tract 524.07, Wake County, North Carolina",4089,550,1299,377,2790,643
1400000US37183052408,37183052408,"Census Tract 524.08, Wake County, North Carolina",2865,468,191,198,2674,460
1400000US37183052409,37183052409,"Census Tract 524.09, Wake County, North Carolina",3214,474,156,143,3058,491
1400000US37183052503,37183052503,"Census Tract 525.03, Wake County, North Carolina",6610,497,3219,288,3391,578
1400000US37183052504,37183052504,"Census Tract 525.04, Wake County, North Carolina",5377,548,2872,336,2505,524
1400000US37183052505,37183052505,"Census Tract 525.05, Wake County, North Carolina",4785,640,2373,453,2412,547
1400000US37183052506,37183052506,"Census Tract 525.06, Wake County, North Carolina",1984,195,1569,266,415,139
1400000US37183052507,37183052507,"Census Tract 525.07, Wake County, North Carolina",2647,224,1530,299,1117,306
1400000US37183052601,37183052601,"Census Tract 526.01, Wake County, North Carolina",3152,302,2380,259,772,394
1400000US37183052602,37183052602,"Census Tract 526.02, Wake County, North Carolina",3633,232,2952,251,681,153
1400000US37183052603,37183052603,"Census Tract 526.03, Wake County, North Carolina",2875,333,1772,204,1103,295
1400000US37183052701,37183052701,"Census Tract 527.01, Wake County, North Carolina",4796,595,2141,298,2655,585
1400000US37183052704,37183052704,"Census Tract 527.04, Wake County, North Carolina",5984,744,1081,312,4903,793
1400000US37183052705,37183052705,"Census Tract 527.05, Wake County, North Carolina",3549,356,2308,346,1241,372
1400000US37183052706,37183052706,"Census Tract 527.06, Wake County, North Carolina",4280,712,2385,614,1895,538
1400000US37183052707,37183052707,"Census Tract 527.07, Wake County, North Carolina",6368,631,4033,615,2335,667
1400000US37183052801,37183052801,"Census Tract 528.01, Wake County, North Carolina",5811,454,4488,538,1323,462
1400000US37183052802,37183052802,"Census Tract 528.02, Wake County, North Carolina",5893,456,3293,507,2600,589
1400000US37183052803,37183052803,"Census Tract 528.03, Wake County, North Carolina",9482,869,6617,913,2865,806
1400000US37183052806,37183052806,"Census Tract 528.06, Wake County, North Carolina",13511,1168,11347,1289,2164,743
1400000US37183052807,37183052807,"Census Tract 528.07, Wake County, North Carolina",4175,614,3225,548,950,473
1400000US37183052808,37183052808,"Census Tract 528.08, Wake County, North Carolina",8503,634,6155,684,2348,642
1400000US37183052809,37183052809,"Census Tract 528.09, Wake County, North Carolina",3036,465,2721,497,315,247
1400000US37183052901,37183052901,"Census Tract 529.01, Wake County, North Carolina",2348,405,2088,425,260,188
1400000US37183052902,37183052902,"Census Tract 529.02, Wake County, North Carolina",5286,488,4351,538,935,395
1400000US37183052903,37183052903,"Census Tract 529.03, Wake County, North Carolina",3438,491,3180,439,258,367
1400000US37183052904,37183052904,"Census Tract 529.04, Wake County, North Carolina",7207,462,6564,598,643,394
1400000US37183053003,37183053003,"Census Tract 530.03, Wake County, North Carolina",4721,454,2822,348,1899,397
1400000US37183053004,37183053004,"Census Tract 530.04, Wake County, North Carolina",2671,190,2476,205,195,143
1400000US37183053005,37183053005,"Census Tract 530.05, Wake County, North Carolina",5368,271,5315,285,53,62
1400000US37183053006,37183053006,"Census Tract 530.06, Wake County, North Carolina",3177,304,3111,295,66,94
1400000US37183053007,37183053007,"Census Tract 530.07, Wake County, North Carolina",3155,323,3073,335,82,95
1400000US37183053008,37183053008,"Census Tract 530.08, Wake County, North Carolina",7888,786,4637,629,3251,781
1400000US37183053009,37183053009,"Census Tract 530.09, Wake County, North Carolina",7803,993,5366,1123,2437,811
1400000US37183053105,37183053105,"Census Tract 531.05, Wake County, North Carolina",3509,475,2681,396,828,583
1400000US37183053106,37183053106,"Census Tract 531.06, Wake County, North Carolina",3211,348,2588,304,623,323
1400000US37183053107,37183053107,"Census Tract 531.07, Wake County, North Carolina",7249,582,5264,527,1985,516
1400000US37183053108,37183053108,"Census Tract 531.08, Wake County, North Carolina",6337,616,5853,687,484,233
1400000US37183053109,37183053109,"Census Tract 531.09, Wake County, North Carolina",7566,460,6723,560,843,329
1400000US37183053110,37183053110,"Census Tract 531.10, Wake County, North Carolina",5092,543,4415,578,677,293
1400000US37183053111,37183053111,"Census Tract 531.11, Wake County, North Carolina",4557,366,3497,388,1060,411
1400000US37183053201,37183053201,"Census Tract 532.01, Wake County, North Carolina",9402,774,8559,876,843,385
1400000US37183053202,37183053202,"Census Tract 532.02, Wake County, North Carolina",4697,233,4399,299,298,223
1400000US37183053203,37183053203,"Census Tract 532.03, Wake County, North Carolina",6737,449,5058,635,1679,647
1400000US37183053204,37183053204,"Census Tract 532.04, Wake County, North Carolina",4381,314,3520,319,861,415
1400000US37183053205,37183053205,"Census Tract 532.05, Wake County, North Carolina",1956,309,1649,407,307,278
1400000US37183053206,37183053206,"Census Tract 532.06, Wake County, North Carolina",3770,445,3165,393,605,306
1400000US37183053207,37183053207,"Census Tract 532.07, Wake County, North Carolina",5560,324,4961,366,599,318
1400000US37183053405,37183053405,"Census Tract 534.05, Wake County, North Carolina",4814,286,4037,294,777,209
1400000US37183053408,37183053408,"Census Tract 534.08, Wake County, North Carolina",3899,248,3688,235,211,204
1400000US37183053409,37183053409,"Census Tract 534.09, Wake County, North Carolina",6458,345,6372,364,86,80
1400000US37183053410,37183053410,"Census Tract 534.10, Wake County, North Carolina",4369,219,4155,252,214,186
1400000US37183053411,37183053411,"Census Tract 534.11, Wake County, North Carolina",6047,448,4706,393,1341,410
1400000US37183053412,37183053412,"Census Tract 534.12, Wake County, North Carolina",5352,362,4030,416,1322,450
1400000US37183053413,37183053413,"Census Tract 534.13, Wake County, North Carolina",5183,464,5012,469,171,131
1400000US37183053414,37183053414,"Census Tract 534.14, Wake County, North Carolina",8692,539,7513,594,1179,576
1400000US37183053415,37183053415,"Census Tract 534.15, Wake County, North Carolina",3176,315,2892,326,284,299
1400000US37183053416,37183053416,"Census Tract 534.16, Wake County, North Carolina",5047,426,3604,419,1443,435
1400000US37183053417,37183053417,"Census Tract 534.17, Wake County, North Carolina",2268,348,1517,346,751,431
1400000US37183053418,37183053418,"Census Tract 534.18, Wake County, North Carolina",4794,421,3316,328,1478,472
1400000US37183053419,37183053419,"Census Tract 534.19, Wake County, North Carolina",2422,215,2407,212,15,27
1400000US37183053420,37183053420,"Census Tract 534.20, Wake County, North Carolina",5443,901,3898,962,1545,578
1400000US37183053421,37183053421,"Census Tract 534.21, Wake County, North Carolina",4797,490,3971,463,826,288
1400000US37183053422,37183053422,"Census Tract 534.22, Wake County, North Carolina",2458,92,2338,126,120,108
1400000US37183053423,37183053423,"Census Tract 534.23, Wake County, North Carolina",2172,212,1728,208,444,161
1400000US37183053424,37183053424,"Census Tract 534.24, Wake County, North Carolina",4577,384,3969,245,608,410
1400000US37183053425,37183053425,"Census Tract 534.25, Wake County, North Carolina",2612,191,1642,288,970,300
1400000US37183053505,37183053505,"Census Tract 535.05, Wake County, North Carolina",3383,329,3045,420,338,217
1400000US37183053506,37183053506,"Census Tract 535.06, Wake County, North Carolina",5077,271,3772,303,1305,341
1400000US37183053507,37183053507,"Census Tract 535.07, Wake County, North Carolina",3545,340,2103,268,1442,298
1400000US37183053509,37183053509,"Census Tract 535.09, Wake County, North Carolina",5231,297,5007,346,224,147
1400000US37183053512,37183053512,"Census Tract 535.12, Wake County, North Carolina",5894,420,4043,359,1851,343
1400000US37183053513,37183053513,"Census Tract 535.13, Wake County, North Carolina",3962,337,1424,280,2538,390
1400000US37183053516,37183053516,"Census Tract 535.16, Wake County, North Carolina",3831,565,1990,305,1841,661
1400000US37183053517,37183053517,"Census Tract 535.17, Wake County, North Carolina",4824,618,2135,430,2689,589
1400000US37183053518,37183053518,"Census Tract 535.18, Wake County, North Carolina",3841,218,3258,309,583,317
1400000US37183053519,37183053519,"Census Tract 535.19, Wake County, North Carolina",4121,576,1730,312,2391,598
1400000US37183053520,37183053520,"Census Tract 535.20, Wake County, North Carolina",4976,488,2445,397,2531,513
1400000US37183053521,37183053521,"Census Tract 535.21, Wake County, North Carolina",3152,352,3047,358,105,57
1400000US37183053522,37183053522,"Census Tract 535.22, Wake County, North Carolina",4963,440,2649,499,2314,569
1400000US37183053523,37183053523,"Census Tract 535.23, Wake County, North Carolina",5226,419,3375,442,1851,417
1400000US37183053524,37183053524,"Census Tract 535.24, Wake County, North Carolina",3540,249,2471,303,1069,312
1400000US37183053525,37183053525,"Census Tract 535.25, Wake County, North Carolina",2559,165,2258,237,301,271
1400000US37183053601,37183053601,"Census Tract 536.01, Wake County, North Carolina",4551,562,2873,555,1678,454
1400000US37183053602,37183053602,"Census Tract 536.02, Wake County, North Carolina",4098,411,3394,446,704,318
1400000US37183053603,37183053603,"Census Tract 536.03, Wake County, North Carolina",3467,182,2930,148,537,170
1400000US37183053604,37183053604,"Census Tract 536.04, Wake County, North Carolina",4071,247,4035,257,36,51
1400000US37183053605,37183053605,"Census Tract 536.05, Wake County, North Carolina",1938,214,1455,265,483,330
1400000US37183053606,37183053606,"Census Tract 536.06, Wake County, North Carolina",2811,323,1035,266,1776,347
1400000US37183053607,37183053607,"Census Tract 536.07, Wake County, North Carolina",5947,458,4028,463,1919,476
1400000US37183053608,37183053608,"Census Tract 536.08, Wake County, North Carolina",2454,307,1745,302,709,281
1400000US37183053609,37183053609,"Census Tract 536.09, Wake County, North Carolina",378,125,153,158,225,151
1400000US37183053610,37183053610,"Census Tract 536.10, Wake County, North Carolina",7865,1023,3588,591,4277,925
1400000US37183053707,37183053707,"Census Tract 537.07, Wake County, North Carolina",6150,543,3668,489,2482,601
1400000US37183053709,37183053709,"Census Tract 537.09, Wake County, North Carolina",6310,603,3054,418,3256,600
1400000US37183053711,37183053711,"Census Tract 537.11, Wake County, North Carolina",5258,276,4066,320,1192,234
1400000US37183053712,37183053712,"Census Tract 537.12, Wake County, North Carolina",2797,123,2541,170,256,133
1400000US37183053713,37183053713,"Census Tract 537.13, Wake County, North Carolina",3002,423,600,205,2402,380
1400000US37183053714,37183053714,"Census Tract 537.14, Wake County, North Carolina",4651,465,3044,329,1607,485
1400000US37183053715,37183053715,"Census Tract 537.15, Wake County, North Carolina",3675,306,2813,298,862,305
1400000US37183053716,37183053716,"Census Tract 537.16, Wake County, North Carolina",3958,490,1754,305,2204,468
1400000US37183053717,37183053717,"Census Tract 537.17, Wake County, North Carolina",2673,338,1685,381,988,258
1400000US37183053718,37183053718,"Census Tract 537.18, Wake County, North Carolina",3157,196,3025,200,132,164
1400000US37183053719,37183053719,"Census Tract 537.19, Wake County, North Carolina",4112,302,3627,345,485,507
1400000US37183053720,37183053720,"Census Tract 537.20, Wake County, North Carolina",4436,303,4336,339,100,121
1400000US37183053721,37183053721,"Census Tract 537.21, Wake County, North Carolina",3271,216,3271,216,0,98
1400000US37183053722,37183053722,"Census Tract 537.22, Wake County, North Carolina",4555,339,3040,422,1515,489
1400000US37183053723,37183053723,"Census Tract 537.23, Wake County, North Carolina",2538,300,1615,252,923,310
1400000US37183053724,37183053724,"Census Tract 537.24, Wake County, North Carolina",5953,400,4847,451,1106,358
1400000US37183053725,37183053725,"Census Tract 537.25, Wake County, North Carolina",5043,378,3333,519,1710,418
1400000US37183053726,37183053726,"Census Tract 537.26, Wake County, North Carolina",3368,775,1499,445,1869,714
1400000US37183053803,37183053803,"Census Tract 538.03, Wake County, North Carolina",3784,183,3721,210,63,99
1400000US37183053804,37183053804,"Census Tract 538.04, Wake County, North Carolina",3376,388,3316,407,60,73
1400000US37183053805,37183053805,"Census Tract 538.05, Wake County, North Carolina",2172,211,2172,211,0,98
1400000US37183053806,37183053806,"Census Tract 538.06, Wake County, North Carolina",3701,244,3601,258,100,130
1400000US37183053807,37183053807,"Census Tract 538.07, Wake County, North Carolina",3932,323,3270,365,662,226
1400000US37183053808,37183053808,"Census Tract 538.08, Wake County, North Carolina",5487,261,5447,271,40,69
1400000US37183053900,37183053900,"Census Tract 539, Wake County, North Carolina",7261,435,6513,584,748,424
1400000US37183054001,37183054001,"Census Tract 540.01, Wake County, North Carolina",5565,535,3051,426,2514,562
1400000US37183054004,37183054004,"Census Tract 540.04, Wake County, North Carolina",5326,544,2578,356,2748,570
1400000US37183054006,37183054006,"Census Tract 540.06, Wake County, North Carolina",3070,454,1628,224,1442,401
1400000US37183054007,37183054007,"Census Tract 540.07, Wake County, North Carolina",3473,290,2429,282,1044,295
1400000US37183054008,37183054008,"Census Tract 540.08, Wake County, North Carolina",6293,741,1077,457,5216,822
1400000US37183054011,37183054011,"Census Tract 540.11, Wake County, North Carolina",2903,139,2748,135,155,141
1400000US37183054012,37183054012,"Census Tract 540.12, Wake County, North Carolina",3357,324,2792,281,565,246
1400000US37183054013,37183054013,"Census Tract 540.13, Wake County, North Carolina",12018,844,9650,688,2368,814
1400000US37183054014,37183054014,"Census Tract 540.14, Wake County, North Carolina",12657,775,8874,926,3783,861
1400000US37183054015,37183054015,"Census Tract 540.15, Wake County, North Carolina",2248,443,2007,500,241,168
1400000US37183054016,37183054016,"Census Tract 540.16, Wake County, North Carolina",5852,446,5080,505,772,330
1400000US37183054017,37183054017,"Census Tract 540.17, Wake County, North Carolina",2172,269,1079,296,1093,288
1400000US37183054018,37183054018,"Census Tract 540.18, Wake County, North Carolina",2399,302,58,73,2341,321
1400000US37183054104,37183054104,"Census Tract 541.04, Wake County, North Carolina",10537,864,8603,1053,1934,767
1400000US37183054105,37183054105,"Census Tract 541.05, Wake County, North Carolina",11555,673,9187,816,2368,665
1400000US37183054106,37183054106,"Census Tract 541.06, Wake County, North Carolina",7104,544,5051,779,2053,648
1400000US37183054108,37183054108,"Census Tract 541.08, Wake County, North Carolina",6158,539,4165,563,1993,628
1400000US37183054109,37183054109,"Census Tract 541.09, Wake County, North Carolina",3231,361,3052,388,179,90
1400000US37183054110,37183054110,"Census Tract 541.10, Wake County, North Carolina",8827,633,8213,668,614,397
1400000US37183054111,37183054111,"Census Tract 541.11, Wake County, North Carolina",1830,230,1676,238,154,153
1400000US37183054112,37183054112,"Census Tract 541.12, Wake County, North Carolina",2729,333,2140,451,589,391
1400000US37183054113,37183054113,"Census Tract 541.13, Wake County, North Carolina",2132,388,1165,409,967,354
1400000US37183054114,37183054114,"Census Tract 541.14, Wake County, North Carolina",4099,523,3645,515,454,232
1400000US37183054115,37183054115,"Census Tract 541.15, Wake County, North Carolina",7519,550,5554,542,1965,524
1400000US37183054203,37183054203,"Census Tract 542.03, Wake County, North Carolina",3350,263,3265,271,85,124
1400000US37183054204,37183054204,"Census Tract 542.04, Wake County, North Carolina",4224,506,3024,587,1200,464
1400000US37183054205,37183054205,"Census Tract 542.05, Wake County, North Carolina",4117,525,2355,560,1762,515
1400000US37183054206,37183054206,"Census Tract 542.06, Wake County, North Carolina",5046,511,3425,526,1621,592
1400000US37183054207,37183054207,"Census Tract 542.07, Wake County, North Carolina",8241,513,5929,691,2312,556
1400000US37183054208,37183054208,"Census Tract 542.08, Wake County, North Carolina",5549,466,4089,434,1460,538
1400000US37183054209,37183054209,"Census Tract 542.09, Wake County, North Carolina",8711,854,7826,1102,885,540
1400000US37183054210,37183054210,"Census Tract 542.10, Wake County, North Carolina",6770,422,6102,457,668,310
1400000US37183054211,37183054211,"Census Tract 542.11, Wake County, North Carolina",8601,579,6804,620,1797,676
1400000US37183054301,37183054301,"Census Tract 543.01, Wake County, North Carolina",4905,387,4416,388,489,241
1400000US37183054302,37183054302,"Census Tract 543.02, Wake County, North Carolina",6348,515,4219,698,2129,517
1400000US37183054402,37183054402,"Census Tract 544.02, Wake County, North Carolina",5985,403,4654,398,1331,422
1400000US37183054403,37183054403,"Census Tract 544.03, Wake County, North Carolina",3890,552,2585,418,1305,506
1400000US37183054404,37183054404,"Census Tract 544.04, Wake County, North Carolina",6173,794,4209,685,1964,821
1400000US37183054500,37183054500,"Census Tract 545, Wake County, North Carolina",6621,693,2727,508,3894,697
1400000US37183980100,37183980100,"Census Tract 9801, Wake County, North Carolina",0,98,0,98,0,98
1400000US37183980200,37183980200,"Census Tract 9802, Wake County, North Carolina",93,145,93,145,0,98
